Label,# Samples,Average,Median,90% Line,95% Line,99% Line,Min,Max,Error %,Throughput,Received KB/sec,Sent KB/sec
login,1980,194853,201978,299557,331229,400470,9108,465055,99.747%,2.46355,104.20,4.90
create post,1952,254477,255325,354924,371473,400517,14388,503771,100.000%,2.11246,95.35,9.18
navigate through website,255,79672,64464,126272,134704,150193,2085,192003,100.000%,.35457,3.32,0.33
log out,38,58719,60837,99539,119115,125344,2658,125344,97.368%,.06796,0.16,0.03
TOTAL,4225,214224,219450,340293,359006,400271,2085,503771,99.858%,4.52641,186.77,13.58
