Label,# Samples,Average,Min,Max,Std. Dev.,Error %,Throughput,Received KB/sec,Sent KB/sec,Avg. Bytes
login,1980,194853,9108,465055,84132.65,99.747%,2.46355,104.20,4.90,43313.7
create post,1952,254477,14388,503771,79778.05,100.000%,2.11246,95.35,9.18,46218.7
navigate through website,255,79672,2085,192003,40927.41,100.000%,.35457,3.32,0.33,9596.5
log out,38,58719,2658,125344,35087.34,97.368%,.06796,0.16,0.03,2418.9
TOTAL,4225,214224,2085,503771,92760.28,99.858%,4.52641,186.77,13.58,42253.0
